Sr.No,Scraped_Date,uid,url,title,description,category,subcategory,rating,review_count,price,brand,Manufacturer,mrp,discount_percent,url1,url2,url3,url4,url5,url6,url7,url8,seo_url, 
1,19/06.,B08RWRG8JW,https://www.amazon.in/Pigeon-Stovekraft-14332-Induction-Aluminium/dp/B08RWRG8JW,Pigeon by Stovekraft Non-Induction Base Aluminium Outer Lid Pressure Cooker Liters,Pressure Cooker Litre is Made from High Grade Vargin Aluminium Conforming to IS The main features of Cooker Litre are Ergonomic User Friendly Metallic Safety Sturdy Precision Weight Valve This Pressure Cooker Litre is ISI Certified Pressure Cooker The Pressure Cooker is packed dismantled and the User need to assemble it One litre Pressure Cooker and User Manual 5 Years warranty from the Manufacturer on manufacturing defects,Home & Kitchen,Cookware,3.8,21478,1399.0,Pigeon,"Stovekraft Limited , 81/1 Harohalli Industrial Area Kanakapura Taluk Bangalore Kanakapura, Bengaluru, Karnataka 562112. For any issues or concerns kindly contact at +91 63649 14202 or whats app +91 63649 14202 or mail to customercare@stovekraft.com",2095,-33%,https://m.media-amazon.com/images/I/51OmjkE8TML._SY450_.jpg,https://m.media-amazon.com/images/I/51OmjkE8TML._SX569_.jpg,https://m.media-amazon.com/images/I/617zgjCHfmL._SY450_.jpg,https://m.media-amazon.com/images/I/61xVmPAGEBL._SY355_.jpg,https://m.media-amazon.com/images/I/51aLDkd23KL._SY450_.jpg,https://m.media-amazon.com/images/I/51aLDkd23KL._SX522_.jpg,https://m.media-amazon.com/images/I/51YtHocwaXL._SS100_.jpg,https://m.media-amazon.com/images/I/41w8sYFzH3L._SS100_.jpg,pigeon-by-stovekraft-non-induction-base-aluminium-outer-lid-pressure-cooker-liters, 
2,19/06.,B00QWQ0TCU,https://www.amazon.in/Prestige-Omega-Deluxe-Granite-280mm/dp/B00QWQ0TCU,Prestige Omega Deluxe Granite Dosa 280 Nonstick Aluminium,Non-stick Tawa Base Induction Base thickness Included 1 Lid Included Easy Grip handle 2 Included in Manufacturing defects will be covered in the Remaining things have been mentioned in the user Not included in Mentioned in the manual For any please Durable Granite finish Superior Non stick surface Dishwasher safe Metal spoon friendly Induction and Gas stove compatible Coating of 5 Granite Finish,Home & Kitchen,Cookware,4.2,16217,1165.0,Prestige,2 Years Warranty(Customer Care No-080-46824000. E-MAIL: Customercare@ttkprestige.com),1320,-12%,https://m.media-amazon.com/images/I/61Kh1vlRueL._SY450_.jpg,https://m.media-amazon.com/images/I/719zx6YjuuL._SX466_.jpg,https://m.media-amazon.com/images/I/61Mq3UT39RL._SY355_.jpg,https://m.media-amazon.com/images/I/719zx6YjuuL._SY355_.jpg,https://m.media-amazon.com/images/I/61ItVkRPIuL._SX569_.jpg,https://m.media-amazon.com/images/I/31MGCZ-LSXL._SX466_.jpg,https://m.media-amazon.com/images/I/61Mq3UT39RL._SX522_.jpg,https://m.media-amazon.com/images/I/719zx6YjuuL._SX569_.jpg,prestige-omega-deluxe-granite-dosa-280-nonstick-aluminium, 
3,19/06.,B08C5P2NPG,https://www.amazon.in/Hawkins-Stainless-Induction-Compatible-SSTV24/dp/B08C5P2NPG,Hawkins 24 cm Triply Stainless Steel Tawa with Stainless Steel Induction Silver,food-grade Tri-Ply Stainless Steel Hawkins Tri-Ply Stainless Steel Cookware retains the advantages of cooking on stainless steel surfaces while eliminating the disadvantages of sticking and burning that come with normal stainless steel Hawkins Tri-Ply Stainless Steel Cookware is made of three layers The Cooking Surface is made of AISI food grade stainless steel that is extremely durable and non-reactive to most It does not pit or corrode The Core is made of heavy gauge aluminium which spreads heat evenly and prevents hot spots The Base and Outer Surface is made of AISI 430 grade magnetic works well on electric and induction cooktops,Home & Kitchen,Cookware,3.7,2022,1147.0,Hawkins,5 years,1225,-6%,https://m.media-amazon.com/images/I/51D984vu3kL._SX569_.jpg,https://m.media-amazon.com/images/I/81Pz5DbB10L._SX522_.jpg,https://m.media-amazon.com/images/I/71sAXnnid3L._SX466_.jpg,https://m.media-amazon.com/images/I/81Pz5DbB10L._SX425_.jpg,https://m.media-amazon.com/images/I/81JLOg1GBdL._SX522_.jpg,https://m.media-amazon.com/images/I/51HWdxx7guL.jpg,https://m.media-amazon.com/images/I/81Pz5DbB10L._SX466_.jpg,https://m.media-amazon.com/images/I/61yMhGlMcPL._SX425_.jpg,hawkins-24-cm-triply-stainless-steel-tawa-with-stainless-steel-induction-silver, 
4,19/06.,B09BLFGZHZ,https://www.amazon.in/Hawkins-Stainless-Induction-Saucepan-SST20G/dp/B09BLFGZHZ,Hawkins 2 Litre Stainless Steel Tea Pan with Glass Induction Sauce Chai Silver 2 Liter,Superior Food-Grade Non-magnetic Stainless Steel body mm Extra Thick Sandwich bottom - Heats evenly Magnetic Steel base - Works on Induction Gas Electric Spout - For no-drip pouring stay-cool handle - Comfortable to hold Ideal for making boiling milk cooking instant noodles and reheating food,Home & Kitchen,Cookware,4.5,9387,1305.0,Hawkins,"Hawkins, Value Retail, F3-12 Bhumi World Industrial Park, Pimplas Village, Mumbai - Nasik Highway, Bhiwandi Thane 421302, 8828826884",1440,-9%,https://m.media-amazon.com/images/I/61cKe2V-rQL._SX679_.jpg,https://m.media-amazon.com/images/I/51dxZYad1NL._SX466_.jpg,https://m.media-amazon.com/images/I/71HMdkyqCsL._SX569_.jpg,https://m.media-amazon.com/images/I/616OaQ1bVlL._SL1000_.jpg,https://m.media-amazon.com/images/I/51dxZYad1NL._SX679_.jpg,https://m.media-amazon.com/images/I/41ztUfDD7FL._SS100_.jpg,https://m.media-amazon.com/images/I/618Fwja5UQL._SY450_.jpg,https://m.media-amazon.com/images/I/616OaQ1bVlL._SY450_.jpg,hawkins-2-litre-stainless-steel-tea-pan-with-glass-induction-sauce-chai-silver-2-liter, 
5,19/06.,B0CJ2NJKCG,https://www.amazon.in/Hawkins-Triply-Stainless-Pressure-HSST25/dp/B0CJ2NJKCG,Hawkins Litre Triply Stainless Steel Pressure Inner Lid Silver,Ideal for 2 or 4 persons 3 mm Extra-Thick Triply Stainless Steel Uniformly heats base and sides - Food and spices do not burn Needs less oil Wider Mouth - For easy stirring better visibility Superior food-grade Stainless Steel Inside - more durable hygienic,Home & Kitchen,Cookware,4.4,2067,2835.0,Hawkins,"Hawkins Cookers Limited, F 101, Maker Tower, Cuffe Parade, Mumbai 400 005, India, Contact: +91-22-2218 6607, enquiry@hawkinscookers.com",3025,-6%,https://m.media-amazon.com/images/I/4194ArLP5eL._SS100_.jpg,https://m.media-amazon.com/images/I/71vxuukCf4L._SY355_.jpg,https://m.media-amazon.com/images/I/41fraHcYyRL.jpg,https://m.media-amazon.com/images/I/71Y6dPgkQLL._SX679_.jpg,https://m.media-amazon.com/images/I/71z5W84zERL._SY450_.jpg,https://m.media-amazon.com/images/I/71qmrXFwFhL._SX425_.jpg,https://m.media-amazon.com/images/I/713Zd-3eSjL._SX466_.jpg,https://m.media-amazon.com/images/I/71z5W84zERL._SX466_.jpg,hawkins-litre-triply-stainless-steel-pressure-inner-lid-silver, 
6,19/06.,B07PXH9VS2,https://www.amazon.in/Cello-Non-Stick-Cavity-Single-Stainless/dp/B07PXH9VS2,CELLO Non-Stick 12 Cavity Appam Patra Single Handle with Stainless Steel Lid,Superior american heritage dupont non stick coating for healthy cooking Ergonomic sturdy bakelite handles allows smooth handling Handle Made Of Stainless Steel With Backelite Powder For Safety Of Hands Dishwasher No The specialty of the non-stick coating of our appam maker is that it allows you to make appams with less oil and prevents the content from sticking to the bottom Appam patra lets you hold and use it in an easy manner these handles help you work in a more efficient which helps to save time and work properly Appam Pan is lighter in also steel is an excellent heat conductor and it also makes the appam patra odorless,Home & Kitchen,Cookware,4.2,5086,549.0,CELLO,CLO_12CAVITY_APPMPATRA_SSLID_SH,1200,-54%,https://m.media-amazon.com/images/I/3107gluOvlL._SS100_.jpg,https://m.media-amazon.com/images/I/71p0gmUp4XL._SY355_.jpg,https://m.media-amazon.com/images/I/71p0gmUp4XL._SX425_.jpg,https://m.media-amazon.com/images/I/71o2mdLK2UL._SL1500_.jpg,https://m.media-amazon.com/images/I/61Q9hwPXkqL._SY450_.jpg,https://m.media-amazon.com/images/I/31Lw8Q6e3YL.jpg,https://m.media-amazon.com/images/I/61Q9hwPXkqL._SX522_.jpg,https://m.media-amazon.com/images/I/71Rgx36nruL._SY355_.jpg,cello-non-stick-12-cavity-appam-patra-single-handle-with-stainless-steel-lid, 
7,19/06.,B0G673LJ8S,https://www.amazon.in/Triply-Stainless-Steel-Langdi-Tope/dp/B0G673LJ8S,Triply Stainless Steel Langdi Tope - 20 cm litres Multipurpose Stainless Steel Extra Deep Shallow Tope Induction Friendly for Every Day Use,PREMIUM TRIPLY Made with three layers of stainless steel for superior heat and efficient cooking performance on all cooktops MULTIPURPOSE EXTRA DEEP Langdi tope with wide design and perfect for cooking and various Indian dishes UNIVERSAL Induction-friendly base works seamlessly on all cooktops including and halogen for versatile everyday use DIMENSIONS AND Measures 20 cm diameter with polished stainless steel lightweight and easy to handle for convenient cooking and storage EASY Hand wash recommended to preserve the polished finish and triply ensuring long-lasting performance and pristine appearance,Home & Kitchen,Cookware,4.5,43,895.0,Generic,Generic,2000,-55%,https://m.media-amazon.com/images/I/41ZWES1fzjL._SX569_.jpg,https://m.media-amazon.com/images/I/41ZWES1fzjL._SX522_.jpg,https://m.media-amazon.com/images/I/61Wbx5jQzbL._SX679_.jpg,https://m.media-amazon.com/images/I/41WreCEXngL._SS100_.jpg,https://m.media-amazon.com/images/I/41ZWES1fzjL._SX466_.jpg,https://m.media-amazon.com/images/I/41CSwdAoGzL._SX679_.jpg,https://m.media-amazon.com/images/I/610ow9VmLDL._SX679_.jpg,https://m.media-amazon.com/images/I/41ZWES1fzjL._SX425_.jpg,triply-stainless-steel-langdi-tope-20-cm-litres-multipurpose-stainless-steel-extra-deep-shallow-tope-induction-friendly-for-every-day-use, 
8,19/06.,B0GGC33JCG,https://www.amazon.in/Vinod-Casa-Signature-Ceramic-Cookware/dp/B0GGC33JCG,Vinod Di Casa Signature Ceramic Non Stick Cookware Set - 4 pcs 24 cm Kadai and Frying 27 cm Dosa Tawa Soft Touch Wooden Handle Less Oil Healthy Cooking Induction Compatible Toxin Free,Crafted with advanced ceramic this ceramic cookware set is designed as a complete kitchen It delivers smooth heat flow and dependable elevating everyday Indian cooking with confidence and Engineered using toxin-free ceramic this ceramic non stick cookware allows food to release effortlessly with minimal Enjoy healthier meals that preserve and tradition without compromising Thoughtfully curated as a nonstick cookware set it includes a ceramic frying and Dosa This balanced cookware set combo supports daily and gravy cooking with Built for Indian the ceramic kadai for cooking offers and Ideal for and it blends modern durability with classic cooking This refined non stick pan set brings together functionality and The balanced weight and ergonomic handles make everyday cooking supporting long hours at the stove without strain or The smooth ceramic surface of this non stick cookware resists staining and food Gentle hand washing keeps the shine making daily maintenance effortless and preserving long-term Designed for modern this cookware set is compatible with induction and gas The sturdy base ensures stability and efficient adapting seamlessly to evolving kitchen Backed by quality this non stick cookware set combo offer reflects lasting With dependable construction and 1 year warranty this kadai set for cooking brings peace of mind to every,Home & Kitchen,Cookware,4.1,91,4099.0,Vinod,5 Year Warranty,4980,-18%,https://m.media-amazon.com/images/I/41tpcV-i59L.jpg,https://m.media-amazon.com/images/I/61V8opydpHL._SX522_.jpg,https://m.media-amazon.com/images/I/614Nw5YrLWL._SX425_.jpg,https://m.media-amazon.com/images/I/31+1qm19awL._SL1500_.jpg,https://m.media-amazon.com/images/I/61qm1NNW8zL._SY450_.jpg,https://m.media-amazon.com/images/I/61bbjGbh6dL._SX522_.jpg,https://m.media-amazon.com/images/I/61qm1NNW8zL._SY355_.jpg,https://m.media-amazon.com/images/I/61mkUlGL2oL._SX679_.jpg,vinod-di-casa-signature-ceramic-non-stick-cookware-set-4-pcs-24-cm-kadai-and-frying-27-cm-dosa-tawa-soft-touch-wooden-handle-less-oil-healthy-cooking-induction-compatible-toxin-free, 
9,19/06.,B00EVQZIVU,https://www.amazon.in/Hawkins-Futura-Non-Stick-Kadhai-Deep-Fry/dp/B00EVQZIVU,Hawkins Futura Litre Deep Fry Non Stick Round Bottom Black,PFOA Free Non-stick coating locked into tough Hard Anodised Aluminium - lasts longer The Pan is ideal for and stir-frying foods using minimal quantities of It can also be used for deep-frying and for cooking curries and sauces It is offered with comfortable plastic handles which are permanently riveted to the The handles are carefully designed to provide greater comfort and particularly when handling heavy loads or hot oil The Pan has a round bottom for greater convenience during stir-frying Suitable for use on domestic gas and kerosene stoves,Home & Kitchen,Cookware,4.4,5175,1290.0,Hawkins,2 year manufacturer,1200,0,https://m.media-amazon.com/images/I/61gOmRSKxHL._SX425_.jpg,https://m.media-amazon.com/images/I/61T7PMKoY8L._SX522_.jpg,https://m.media-amazon.com/images/I/61Rfe+75dzL.SS125_PKplay-button-mb-image-grid-small_.jpg,https://m.media-amazon.com/images/I/61hUlTPlbcL._SY450_.jpg,https://m.media-amazon.com/images/I/51G-eUeE7eS.jpg,https://m.media-amazon.com/images/I/61T7PMKoY8L._SY450_.jpg,https://m.media-amazon.com/images/I/61gOmRSKxHL._SX569_.jpg,https://m.media-amazon.com/images/I/61T7PMKoY8L._SX679_.jpg,hawkins-futura-litre-deep-fry-non-stick-round-bottom-black, 
10,19/06.,B00SX2YZMG,https://www.amazon.in/Hawkins-CL20-Classic-Pressure-Cooker/dp/B00SX2YZMG,Hawkins Classic 2 Litre Pressure Cooker Straight Body Gas Compatible Ideal for persons ISI Certified 5 Year Guarantee Silver,Ideal for 2 or 3 Persons Made from pure virgin exterior mirror polished Base thickness to mm Super-fast cooking Improved pressure regulator saves more fuel Inside-fitting safety lid will not open until pressure falls,Home & Kitchen,Cookware,4.2,21933,1282.0,Hawkins,"Hawkins Cookers Limited, F 101, Maker Tower, Cuffe Parade, Mumbai 400 005, India, Contact: +91-22-2444 0807, enquiry@hawkinscookers.com",1350,-5%,https://m.media-amazon.com/images/I/71nDTGjs9VS._SY450_.jpg,https://m.media-amazon.com/images/I/71nDTGjs9VS._SX466_.jpg,https://m.media-amazon.com/images/I/51z8bjUc4kL._SX569_.jpg,https://m.media-amazon.com/images/I/41cYVUiG3LL._SS100_.jpg,https://m.media-amazon.com/images/I/51z8bjUc4kL._SX522_.jpg,https://m.media-amazon.com/images/I/51z8bjUc4kL._SX466_.jpg,https://m.media-amazon.com/images/I/61oOwcPf3kS.jpg,https://m.media-amazon.com/images/I/61RdnGUfdpL._SX522_.jpg,hawkins-classic-2-litre-pressure-cooker-straight-body-gas-compatible-ideal-for-persons-isi-certified-5-year-guarantee-silver, 
11,19/06.,B0B8MXQDGD,https://www.amazon.in/Prestige-Platina-Popular-Induction-Compatible/dp/B0B8MXQDGD,Prestige Stainless Steel 2 Pc Cookware Set with Glass Lid Platina Popular Fry Pan 24cm Kadai 24cm TRIPLY Base Gas Induction Compatible Even Heating 5Y Warranty ISI,Includes Fry Pan cm and Kadai cm with 1 Common Glass Lid ideal for and cooking a variety of everyday The special impact-forged TRIPLY base ensures even heat prevents food from sticking or and enhances cooking tempered glass lid lets you monitor cooking easily while retaining heat and moisture for better flavour and faster Designed for use on both gas and induction heat-resistant handles provide a comfortable and secure ISI-certified for safety and backed by a 5-year Prestige warranty for long-lasting performance and peace of,Home & Kitchen,Cookware,4.4,925,1830.0,Prestige,"TTK PRESTIGE LIMITED, REGISTERED OFFICE: PLOT NO . 38. SIPCOT INDUSTRIAL COMPLEX, HOSUR- 635 126, INDIA, TTK Prestige Limited,",2700,-32%,https://m.media-amazon.com/images/I/41GTdzVfEuL.jpg,https://m.media-amazon.com/images/I/61IzEJkpn4L._SY355_.jpg,https://m.media-amazon.com/images/I/61FIHOeKg9L._SX679_.jpg,https://m.media-amazon.com/images/I/61mWycKBzrL._SL1200_.jpg,https://m.media-amazon.com/images/I/61VxhQcOJtL._SL1500_.jpg,https://m.media-amazon.com/images/I/61nE2H5K00L._SY355_.jpg,https://m.media-amazon.com/images/I/619qFzOE4xL._SX679_.jpg,https://m.media-amazon.com/images/I/61FIHOeKg9L._SX466_.jpg,prestige-stainless-steel-2-pc-cookware-set-with-glass-lid-platina-popular-fry-pan-24cm-kadai-24cm-triply-base-gas-induction-compatible-even-heating-5y-warranty-isi, 
12,19/06.,B07P5TXM79,https://www.amazon.in/Amazon-Brand-Solimo-Stainless-Induction/dp/B07P5TXM79,Amazon Brand - Solimo Stainless Steel Induction Bottom Dutch Oven with Glass Lid 5,Made from food-grade stainless steel Heavy-gauge stainless steel induction bottom Comes with a glass lid that has a bakelite knob to prevet heat transfer Bakelite ear handles to ensure safe handling Ideal for cooking rasam and curries or etc Comes with a capacity of 5 litres Has a depth of 12cm and a diameter of 24cm 1 Dutch Pot with glass lid,Home & Kitchen,Cookware,4.2,12267,889.0,Amazon Brand - Solimo,"GALA NO 5 TO 9,13,14, BLDG.NO. 2&3 KUNAL INDUSTRIAL ESTATE, NEAR SBI BANK GAURAIPADA VASAI EAST, DIST. PALGHAR â 401208, INDIA, KEYUR KITCHENWARE",1250,-29%,https://m.media-amazon.com/images/I/71noRnLrSjL._SX522_.jpg,https://m.media-amazon.com/images/I/818foT9zN2L._SX679_.jpg,https://m.media-amazon.com/images/I/814hJqCwr-L._SX679_.jpg,https://m.media-amazon.com/images/I/7143e2Vt9GL._SX450_.jpg,https://m.media-amazon.com/images/I/41905pB7i5L.jpg,https://m.media-amazon.com/images/I/71noRnLrSjL._SX679_.jpg,https://m.media-amazon.com/images/I/41X2JWeKR2L.jpg,https://m.media-amazon.com/images/I/81VO7FjP4sL._SX450_.jpg,amazon-brand-solimo-stainless-steel-induction-bottom-dutch-oven-with-glass-lid-5, 
13,19/06.,B0B2RLPF4Y,https://www.amazon.in/Hawkins-Paniyaram-Paniyarakkal-Ponganalu-NAPE26G/dp/B0B2RLPF4Y,Hawkins 24 cm Appe Non Stick Pan with Glass Aluminum 12 Red,Die-cast Technology allows for metal thickness exactly where so your pan is strong and heats yet is light and easy to handle 12 Cups each having a volume of 45 ml Inner PFOA Free 3-coat Nonstick - lasts low-oil snacks Ceramic Coating outside stays stain-proof Integrated Bracket-cum-Flame Guard - handle will stay cool and will not loosen,Home & Kitchen,Cookware,4.5,12205,1597.0,Hawkins,2 year manufacturer,1750,-9%,https://m.media-amazon.com/images/I/71TCTN9zdwL._SX425_.jpg,https://m.media-amazon.com/images/I/51CuZCKy8uL.jpg,https://m.media-amazon.com/images/I/71hzjve8MsL._SX425_.jpg,https://m.media-amazon.com/images/I/51INr3ylsEL._SS100_.jpg,https://m.media-amazon.com/images/I/71hzjve8MsL._SY355_.jpg,https://m.media-amazon.com/images/I/71hzjve8MsL._SL1500_.jpg,https://m.media-amazon.com/images/I/51bF7Bzx0bL._SS100_.jpg,https://m.media-amazon.com/images/I/518CQ6FneSL._SS100_.jpg,hawkins-24-cm-appe-non-stick-pan-with-glass-aluminum-12-red, 
14,19/06.,B0C152KFVG,https://www.amazon.in/Hawkins-Ceramic-Nonstick-Induction-ICK25G/dp/B0C152KFVG,Hawkins Ceramic Nonstick Litre Deep Induction Deep Fry Pan with Glass Granite Kadai,Cooks healthy tasty superfast New Hawkins Ceramic Nonstick Inside - Excellent release uses less oil Not spoilt by high heat - Can cook tastier German Ceramic - High lasts longer No Heavy Metals - Ceramic based revolutionary nonstick,Home & Kitchen,Cookware,4.5,1500,1935.0,Hawkins,5 Years Manufacturer Guarantee,2100,-8%,https://m.media-amazon.com/images/I/41prxhe52pL.jpg,https://m.media-amazon.com/images/I/71XN-HyqKSL._SX466_.jpg,https://m.media-amazon.com/images/I/51hDHuk1SLL._SS100_.jpg,https://m.media-amazon.com/images/I/71YuUQNBLML._SX522_.jpg,https://m.media-amazon.com/images/I/71bjVy4bttL._SX522_.jpg,https://m.media-amazon.com/images/I/71vJ94yTjdL._SY355_.jpg,https://m.media-amazon.com/images/I/41uHanEDUIL.jpg,https://m.media-amazon.com/images/I/71vJ94yTjdL._SX569_.jpg,hawkins-ceramic-nonstick-litre-deep-induction-deep-fry-pan-with-glass-granite-kadai, 
15,19/06.,B07TCQ2RG7,https://www.amazon.in/Hawkins-Stainless-Steel-Litre-Without/dp/B07TCQ2RG7,Hawkins 1 Litre Stainless Steel Tea Induction Sauce Chai Small Silver,food-grade Stainless Steel for healthy and hygienic cooking The mm extra-thick sandwich bottom stays heats evenly and will not develop hotspots The AISI 430 grade magnetic stainless steel base plate that makes the pan work well on both Gas and Induction It has a stay-cool plastic handle fixed on sturdy stainless steel bracket which is permanently riveted to the Pan Suitable for use on domestic ceramic and halogen stoves Perfect for making Boiling Cooking food for Reheating food and for tadka,Home & Kitchen,Cookware,4.6,4645,832.0,Hawkins,"Hawkins, Hawkins Cookers Limited, F 101, Maker Tower Cuffe Parade, Mumbai 400 005, India, Contact: +91-22-2218 6607, enquiry@hawkinscookers.com",875,-5%,https://m.media-amazon.com/images/I/41lnF-KxAKL._SS100_.jpg,https://m.media-amazon.com/images/I/41x8z6qlq4S._SL1000_.jpg,https://m.media-amazon.com/images/I/41x8z6qlq4S._SY450_.jpg,https://m.media-amazon.com/images/I/51I7Con238L.jpg,https://m.media-amazon.com/images/I/41x8z6qlq4S._SX466_.jpg,https://m.media-amazon.com/images/I/518XClHgJLL.jpg,https://m.media-amazon.com/images/I/71Jw2D0D4BL._SY450_.jpg,https://m.media-amazon.com/images/I/71Jw2D0D4BL._SX522_.jpg,hawkins-1-litre-stainless-steel-tea-induction-sauce-chai-small-silver, 
1,27/06.,B0BSC9DVZ3,https://www.amazon.in/Shoetopia-Casual-Heeled-Sandals-Heel-1700/dp/B0BSC9DVZ3,Shoetopia Heel-1700 Heeled Sandal,Shoetopia Heels are Very Comfortable to well made with extra comfortable padded slip-resistant resin outsole and soft anti-sweat Fashionable and standing walking without pain all This pair of Heels is a perfect blend of trend and Ideal for Any Comfortable Heels are suitable for any go well with all Perfect for daily For Any Size Please measure your feet length before and compare the size chart to choose the most suitable Soft Bottom Sole - Made of the finest formula Our midsole is incredibly and It is much more resilient and shock providing exceptional comfort and ongoing stability in every single step that you tak,Fashion,Footwear,4.0,Not found,498.0,Not found,Not found,999,-50%,https://m.media-amazon.com/images/I/71SrUojOHYL._SY625_.jpg,https://m.media-amazon.com/images/I/71IJZLCTCoL._SY695_.jpg,https://m.media-amazon.com/images/I/71IJZLCTCoL._SY575_.jpg,https://m.media-amazon.com/images/I/418Q1QFMZuL.jpg,https://m.media-amazon.com/images/I/71mpi3GYwVL._SY395_.jpg,https://m.media-amazon.com/images/I/61bTKOHT8UL._SY675_.jpg,https://m.media-amazon.com/images/I/71SrUojOHYL._SY395_.jpg,https://m.media-amazon.com/images/I/71pE83ZjGIL._SY695_.jpg,shoetopia-heel-1700-heeled-sandal, 
2,27/06.,B0BW4G4JBR,https://www.amazon.in/Bata-Comfit-DIAMONTE-Sandal-6618142/dp/B0BW4G4JBR,Bata Comfit Slip-on Sandal,Comfortable Footwear,Fashion,Footwear,4.3,1106,604.0,Bata Comfit,"Batanagar, Batanagar",1099,-45%,https://m.media-amazon.com/images/I/41EJwH3S6UL._SL1500_.jpg,https://m.media-amazon.com/images/I/61F-rUIsgWL.SS40_PKmb-play-button-overlay-thumb_.jpg,https://m.media-amazon.com/images/I/712NS-MkxrL._SX675_.jpg,https://m.media-amazon.com/images/I/81YHO64gNcL._SX395_.jpg,https://m.media-amazon.com/images/I/81F1126DoGL._SL1500_.jpg,https://m.media-amazon.com/images/I/41GsFzOJjIL._SL1500_.jpg,https://m.media-amazon.com/images/I/8168CWS1UNL._SX535_.jpg,https://m.media-amazon.com/images/I/8168CWS1UNL._SX675_.jpg,bata-comfit-slip-on-sandal, 
3,27/06.,B0BXWZ5864,https://www.amazon.in/BATA-AERIAL-SANDAL-Sandal-6616603/dp/B0BXWZ5864,Bata Wedge Heel Sandal,Comfortable and Trendy,Fashion,Footwear,3.9,977,699.0,Bata,"Batanagar, Batanagar",899,-22%,https://m.media-amazon.com/images/I/61vTZzFlHML._SY535_.jpg,https://m.media-amazon.com/images/I/41fJIxevB8L._SY675_.jpg,https://m.media-amazon.com/images/I/41DTp8A2xpL._SL1440_.jpg,https://m.media-amazon.com/images/I/319-eXU88gL.SS40_PKmb-play-button-overlay-thumb_.jpg,https://m.media-amazon.com/images/I/41DTp8A2xpL._SY695_.jpg,https://m.media-amazon.com/images/I/316eOKIdZ-L._SL1500_.jpg,https://m.media-amazon.com/images/I/51Un-nvsYjL._SY675_.jpg,https://m.media-amazon.com/images/I/61iMNMQNKmL._SY535_.jpg,bata-wedge-heel-sandal, 
4,27/06.,B0BM7XMPQQ,https://www.amazon.in/Metro-Glitter-Synthetic-Footwear-Lightweight/dp/B0BM7XMPQQ,Metro Fashion Sandals,Premium synthetic leather block heel sandals with stunning rose gold finish and glitter accents perfect for offering stable 2-inch heel height for comfortable all-day Lightweight slip-on design with glitter embellishments provides effortless wearing and glamorous ideal for women who want fashionable heels with superior 2-inch block heel height delivers perfect stability and elegance making these rose gold sandals suitable for and special events with Versatile rose gold color with glitter detailing complements both Western and ethnic perfect for wedding festive and evening,Fashion,Footwear,4.1,52,852.0,Metro,"HIGH STYLE SHOES, NO.27/2. GATE NO. 335 SANJAY GANDHI NAGAR. MUMBAI 400008",1690,-50%,https://m.media-amazon.com/images/I/51r7cU6rOvL._SY695_.jpg,https://m.media-amazon.com/images/I/316P0ptmQtL.jpg,https://m.media-amazon.com/images/I/71i8Y5KmbYL._SY575_.jpg,https://m.media-amazon.com/images/I/51Z7P6YItML._SY695_.jpg,https://m.media-amazon.com/images/I/51r7cU6rOvL._SY395_.jpg,https://m.media-amazon.com/images/I/61SGNc1imhL._SY625_.jpg,https://m.media-amazon.com/images/I/71yR0fDgv0L._SY395_.jpg,https://m.media-amazon.com/images/I/41JyUQ6rK7L.jpg,metro-fashion-sandals, 
5,27/06.,B0B1Q7XY63,https://www.amazon.in/Bata-Women-SAMBA-Heels-5716133/dp/B0B1Q7XY63,Bata Wedge Heel Sandal,Material - PU Synthetic,Fashion,Footwear,4.0,453,549.0,Bata,"Batanagar, Batanagar, Bata India Limited, Batanagar, Kolkata - 700140, India",1999,0,https://m.media-amazon.com/images/I/31ZuqU-SffL._SL1500_.jpg,https://m.media-amazon.com/images/I/41bi5y6AZEL._SY500_.jpg,https://m.media-amazon.com/images/I/61ydqSwsR8L._SL1440_.jpg,https://m.media-amazon.com/images/I/31KQTec4zFL._SL1500_.jpg,https://m.media-amazon.com/images/I/510XezTJnvL._SY625_.jpg,https://m.media-amazon.com/images/I/31ZuqU-SffL._SS40_.jpg,https://m.media-amazon.com/images/I/213pgERLKKL._SL1500_.jpg,https://m.media-amazon.com/images/I/41bi5y6AZEL._SY395_.jpg,bata-wedge-heel-sandal, 
6,27/06.,B0FCSJ6VFC,https://www.amazon.in/Carrito-Sandals-Comfortable-Footwear-Numeric/dp/B0FCSJ6VFC,Women Wedge Heels Thong Comfortable Flats Sandals Comfort Orthopaedic Sandals for Doctor Arch Support Heel Cushion Lightweight Anti-Skid Sole Ultra-Cushioned Shock Absorbing Footbed Available in Open Toe Toe Separator Style,Size Fits true to size for standard please order one size larger if you have broad Product color may slightly vary due to photographic lighting or monitor settings ELEGANT WEDGES FOR Features a gentle wedge heel for added style and posture suitable for everyday use or semi-formal occasions STYLISH WOMEN SANDALS WITH BUCKLE Embellished with trendy buckle accents and textured these stylish footwear elevate any outfit FLAT SANDALS FOR WOMAN WITH CUSHIONED Soft inner sole provides exceptional ensuring they work well as stylish flats as well as slight heels VERSATILE AND Whether paired with ethnic attire or casual western these stylish women sandals match your unique style effortlessly ANTI-SKID SOLE FOR Lightweight anti-skid sole provides sturdy grip and ensuring safe and confident steps on various surfaces throughout the day,Fashion,Footwear,4.0,153,949.0,Carrito,"Shree Enterprises, Pandav nagar Ganesh nagar Delhi-110092",2499,-62%,https://m.media-amazon.com/images/I/61UcqaNvl2L._SY500_.jpg,https://m.media-amazon.com/images/I/61JkWRRbI7L._SY695_.jpg,https://m.media-amazon.com/images/I/61KGO4cDdrL._SY675_.jpg,https://m.media-amazon.com/images/I/51S4qMDZ02L.SS40_PKmb-play-button-overlay-thumb_.jpg,https://m.media-amazon.com/images/I/71hfW1jDjgL._SY625_.jpg,https://m.media-amazon.com/images/I/71BLVYpDK0L._SY695_.jpg,https://m.media-amazon.com/images/I/61JkWRRbI7L._SY625_.jpg,https://m.media-amazon.com/images/I/61J6psLXs3L._SY695_.jpg,women-wedge-heels-thong-comfortable-flats-sandals-comfort-orthopaedic-sandals-for-doctor-arch-support-heel-cushion-lightweight-anti-skid-sole-ultra-cushioned-shock-absorbing-footbed-available-in-open-toe-toe-separator-style, 
7,27/06.,B0CKW923PB,https://www.amazon.in/Shoetopia-Stylish-Strappy-Block-Heels/dp/B0CKW923PB,Shoetopia Stylish Strappy Block Heels for Women Open Toe Ankle Strap Sandals Perfect for PartiesWeddings Night Out Comfortable Stylish,Shoetopia Women Heels are Very Comfortable to well made with extra comfortable padded slip-resistant resin outsole and soft anti-sweat Fashionable and standing walking without pain all This pair of Heels is a perfect blend of trend and Ideal for Any Comfortable Heels are suitable for any go well with all Perfect for daily For Any Size Please measure your feet length before and compare the size chart to choose the most suitable Soft Bottom Sole - Made of the finest formula Our midsole is incredibly and It is much more resilient and shock providing exceptional comfort and ongoing stability in every single step that you tak,Fashion,Footwear,4.1,355,579.0,Shoetopia,"Dazzling Footwear, WZ-167 , Madhipur Village , New Delhi-110063, Dazzling Footwear, WZ-167 , Madhipur Village , New Delhi-110063",1999,-71%,https://m.media-amazon.com/images/I/61VjqQI8MZL._SY575_.jpg,https://m.media-amazon.com/images/I/61VjqQI8MZL._SY695_.jpg,https://m.media-amazon.com/images/I/61bWBDwBaGL._SL1440_.jpg,https://m.media-amazon.com/images/I/61RafS7E75L._SY675_.jpg,https://m.media-amazon.com/images/I/61bWBDwBaGL._SY575_.jpg,https://m.media-amazon.com/images/I/31tzW9hW61L.jpg,https://m.media-amazon.com/images/I/61RafS7E75L._SY695_.jpg,https://m.media-amazon.com/images/I/61bTKOHT8UL._SY675_.jpg,shoetopia-stylish-strappy-block-heels-for-women-open-toe-ankle-strap-sandals-perfect-for-partiesweddings-night-out-comfortable-stylish, 
8,27/06.,B0CN4CBPZR,https://www.amazon.in/Liberty-Womens-Lpmxt-962E-Purple-Sandal/dp/B0CN4CBPZR,Liberty A-HA LPMXT-962E Casual Slingback Clogs for Women - Purple Pink Slip-On Breathable and Lightweight Ideal for All-Day Wear Suitable for Footwear,FOOTWEAR TYPE - Sandal SIZE - 38 Euro CARE INSTRUCTIONS - CLEAN THEM AFTER EACH WEAR,Fashion,Footwear,4.0,783,349.0,Liberty,"Liberty Shoes Limited, Liberty Shoes Limited - 13th Mile Stone GT Road Bastara, Kutail, Haryana - 132114",999,-65%,https://m.media-amazon.com/images/I/71TA4-ZD1hL._SY395_.jpg,https://m.media-amazon.com/images/I/51+8sy9+FaL._SY575_.jpg,https://m.media-amazon.com/images/I/51AqpzqVQ1L._SY675_.jpg,https://m.media-amazon.com/images/I/31oZq12XkFL._SS40_.jpg,https://m.media-amazon.com/images/I/51+8sy9+FaL._SY625_.jpg,https://m.media-amazon.com/images/I/61DRUm-ANJL._SY675_.jpg,https://m.media-amazon.com/images/I/31CyyfR8g6L._SS40_.jpg,https://m.media-amazon.com/images/I/31CyyfR8g6L.jpg,liberty-a-ha-lpmxt-962e-casual-slingback-clogs-for-women-purple-pink-slip-on-breathable-and-lightweight-ideal-for-all-day-wear-suitable-for-footwear, 
9,27/06.,B01L79HJPG,https://www.amazon.in/womens-Latest-Stylish-Floaters-Sandal/dp/B01L79HJPG,SPARX womens Ss 101 Sport Sandal,Material Synthetic Casual Closure Hook and loop,Fashion,Footwear,4.2,588,594.0,SPARX,"RELAXO FOOTWEARS LIMITED, Aggarwal City Square, Plot No 10, Mangalam Palace. District Center, Rohini Sector-3, Delhi - 110085, Relaxo Footwear Pvt. Ltd.",699,-15%,https://m.media-amazon.com/images/I/41xZ9pw9vkL.jpg,https://m.media-amazon.com/images/I/81QPTAjjIhL._SX675_.jpg,https://m.media-amazon.com/images/I/81eINB-hI6L._SX535_.jpg,https://m.media-amazon.com/images/I/41QAjpLqQXL._SL1500_.jpg,https://m.media-amazon.com/images/I/71bLWBm8IjL._SX395_.jpg,https://m.media-amazon.com/images/I/71qQTGbvv-L._SX675_.jpg,https://m.media-amazon.com/images/I/31K9lf-WeWL._SS40_.jpg,https://m.media-amazon.com/images/I/81eINB-hI6L._SX625_.jpg,sparx-womens-ss-101-sport-sandal, 
10,27/06.,B0FVLJ1Q5L,https://www.amazon.in/Campus-Womens-GC-2208L-PURPLISH-Sandal/dp/B0FVLJ1Q5L,Campus GC-2208L PURPLISH MAUVE Sandal - 1 Pair,Lifestyle Sandal,Fashion,Footwear,5.0,1,599.0,Campus,Campus Activewear Ltd,899,-33%,https://m.media-amazon.com/images/I/61rBYNRFz5L._SY625_.jpg,https://m.media-amazon.com/images/I/71nOZUfUS2L._SY695_.jpg,https://m.media-amazon.com/images/I/41xOobdllQL._SS40_.jpg,https://m.media-amazon.com/images/I/61T6A6J7XHL._SY500_.jpg,https://m.media-amazon.com/images/I/61rBYNRFz5L._SY500_.jpg,https://m.media-amazon.com/images/I/71nOZUfUS2L._SY395_.jpg,https://m.media-amazon.com/images/I/61T6A6J7XHL._SY695_.jpg,https://m.media-amazon.com/images/I/61lKcL0IayL._SY675_.jpg,campus-gc-2208l-purplish-mauve-sandal-1-pair, 
11,27/06.,B0FRN3VZN5,https://www.amazon.in/WALKAROO-Fashion-Sandals-Cushion-Lightweight/dp/B0FRN3VZN5,WALKAROO Wedge Soft Cushioned PU Sandals for WLP72029 Mauve,Comfortable All-Day Wear Designed with cushioned insole and breathable cut-outs to keep your feet relaxed and cool throughout the Premium Synthetic Leather Crafted with high-quality synthetic leather for a stylish look and long-lasting Secure Slip On Closure Easy-to-use strap provides a snug fit and effortless wear for daily Anti-Slip Sole Textured outsole ensures excellent grip and stability on multiple Versatile Casual Style Perfect for casual or festive pairs well with ethnic and western,Fashion,Footwear,4.1,121,449.0,WALKAROO,"Walkaroo International Pvt Ltd, Walkaroo International Pvt Ltd ,SF No : 397/2, SIDCO Industrial Estate, Malumichampatti, Tamil Nadu 641050",469,-4%,https://m.media-amazon.com/images/I/61+rXj-WeCL._SY675_.jpg,https://m.media-amazon.com/images/I/51o8as6GRpL.jpg,https://m.media-amazon.com/images/I/417LqR8mAZL._SL1500_.jpg,https://m.media-amazon.com/images/I/71tvI-gqHHL._SY395_.jpg,https://m.media-amazon.com/images/I/61+rXj-WeCL._SY695_.jpg,https://m.media-amazon.com/images/I/51FWdd4UliL._SY535_.jpg,https://m.media-amazon.com/images/I/71tvI-gqHHL._SY625_.jpg,https://m.media-amazon.com/images/I/51o8as6GRpL._SY575_.jpg,walkaroo-wedge-soft-cushioned-pu-sandals-for-wlp72029-mauve, 
12,27/06.,B0CM8W69H6,https://www.amazon.in/WALKAROO-Sandals-Dailywear-Regular-Outdoor/dp/B0CM8W69H6,WALKAROO W187 Womens Regular Wear Sandals for Indoor Outdoor,Made with Material Made with water resistant perfect to wear under wet weather These Sandals are available in a range of colours allowing you to choose a colour that suits your personality and Step up your style and comfort with our Walkaroo experience the perfect blend of fashion and functionality Minimal no maintenance,Fashion,Footwear,4.2,392,174.0,WALKAROO,"Walkaroo International Pvt Ltd, Walkaroo International Pvt Ltd",449,0,https://m.media-amazon.com/images/I/41KjXbw4czL._SY535_.jpg,https://m.media-amazon.com/images/I/41KjXbw4czL._SS40_.jpg,https://m.media-amazon.com/images/I/51bHuFEm4NL.jpg,https://m.media-amazon.com/images/I/51fYcejaqZL._SY675_.jpg,https://m.media-amazon.com/images/I/51fYcejaqZL._SS40_.jpg,https://m.media-amazon.com/images/I/61hxBCBXRBL._SY675_.jpg,https://m.media-amazon.com/images/I/51fYcejaqZL._SY575_.jpg,https://m.media-amazon.com/images/I/41KjXbw4czL._SY575_.jpg,walkaroo-w187-womens-regular-wear-sandals-for-indoor-outdoor, 
13,27/06.,B0B1Q8HTQS,https://www.amazon.in/Womens-Tricia-Sandal-Heels-7618683/dp/B0B1Q8HTQS,Bata Stylish Ballerina Flats Comfortable,Elegant beige sandal heels for perfect for dressy Comfortable stylish Ideal for weddings and,Fashion,Footwear,4.0,2815,849.0,Bata,"Dazzle Footwear, Dazzle Footwear, Khasra No 265,266 & Selaqui Ind. Area, Mauza Central Hopetown Selaqui Dehradun-248197 INDIA",1199,-29%,https://m.media-amazon.com/images/I/21Lvzu57NWL._SL1500_.jpg,https://m.media-amazon.com/images/I/41mQXAe39yL._SY500_.jpg,https://m.media-amazon.com/images/I/41mQXAe39yL._SY395_.jpg,https://m.media-amazon.com/images/I/61iMNMQNKmL._SY535_.jpg,https://m.media-amazon.com/images/I/41mQXAe39yL._SL1440_.jpg,https://m.media-amazon.com/images/I/31tiiJgtFxL._SS40_.jpg,https://m.media-amazon.com/images/I/51hgQiowRsL._SY575_.jpg,https://m.media-amazon.com/images/I/61iMNMQNKmL._SY675_.jpg,bata-stylish-ballerina-flats-comfortable, 
14,27/06.,B0C6775J8R,https://www.amazon.in/Sandak-Womens-CRYSTAL-BLACK-Slipper/dp/B0C6775J8R,Bata Platform Heel Sandal,Chic Crystal Features eye-catching crystal embellishments for a touch of Comfortable Thong Provides a comfortable fit with a supportive thong High-Quality Made with premium materials for durability and Versatile Black Matches easily with a variety of making it a versatile wardrobe,Fashion,Footwear,4.2,208,619.0,Bata,"Point Ftwr Ltd, Point Ftwr Ltd.",749,-17%,https://m.media-amazon.com/images/I/31XR+-ZHFHL._SL1500_.jpg,https://m.media-amazon.com/images/I/611X6DEgoFL._SY395_.jpg,https://m.media-amazon.com/images/I/611X6DEgoFL._SY695_.jpg,https://m.media-amazon.com/images/I/61c5xGbyXxL._SL1440_.jpg,https://m.media-amazon.com/images/I/611X6DEgoFL._SY675_.jpg,https://m.media-amazon.com/images/I/61c5xGbyXxL._SY395_.jpg,https://m.media-amazon.com/images/I/61X5c7zrKpL._SY575_.jpg,https://m.media-amazon.com/images/I/41EqhlsqsGL.jpg,bata-platform-heel-sandal, 
15,27/06.,B07TWSFGG8,https://www.amazon.in/crocs-Mushroom-Fashion-Sandals-5-206453-07H/dp/B07TWSFGG8,Crocs Women Brooklyn Low Wedge W Croslite Wedge 206453-159,Outer Synthetic Closure Heel wedge Heel inches Toe Round Toe Department Water Resistance Water Style Strap Double Strap,Fashion,Footwear,4.0,18518,4796.0,Crocs,"Crocs, EVS, Technology Industry Zone, Economic & Development District, ShuangFeng County, Loudi City, Hunan ProvinceChina",5995,-20%,https://m.media-amazon.com/images/I/31d3lJUR3ZL.jpg,https://m.media-amazon.com/images/I/81oroKxlgIL._SY625_.jpg,https://m.media-amazon.com/images/I/61LotHU62cL._SY675_.jpg,https://m.media-amazon.com/images/I/61b9GKQVwlL._SY535_.jpg,https://m.media-amazon.com/images/I/31d3lJUR3ZL._SS40_.jpg,https://m.media-amazon.com/images/I/81oroKxlgIL._SY395_.jpg,https://m.media-amazon.com/images/I/61wTijxE-AL._SY675_.jpg,https://m.media-amazon.com/images/I/71klOw2D8dL._SY695_.jpg,crocs-women-brooklyn-low-wedge-w-croslite-wedge-206453-159, 
1,23/06.,B0GN16HF5W,https://www.amazon.in/Samsung-Storage-Smoothest-Refresh-Upgrades/dp/B0GN16HF5W,Samsung Galaxy M17e 5G Mobile 6GB 128GB Smoothest 120 Hz Refresh Monster 6000 mAh Battery IP54 6 Gen OS Upgrades AI Gemini Live Without Charger,Segment Smoothest Smartphone - 120 Hz Refresh Rate for a smooth scrolling Inch display with Adaptive Brightness automatically adjusts screen brightness optimising visibility and saving battery sleek with Key Island Segment Longest 26-Hour Video Playback - Powered by a 6000 mAh Lithium-ion Segment-Leading Fast Charging Support of Its Adaptive Battery Technology automatically puts apps in sleeping or deep sleeping modes based on your ensuring they do not drain your battery life in the Segment Leading MediaTek Dimensity 6300 processor with Latest Android 16 Operating System having One UI 2GHz Clock Speed with Octa-Core Upto 6GB of Memory Expandable upto 2 Galaxy M17e 5G comes with High resolution 50 MP Dual It allows you to take stunning and brighter pictures and With its Secondary you can capture sharper and clearer portrait Its Night Mode and aperture allow more light to enter capturing sharper and brighter output even in low Galaxy M17e 5G is Water and Dust resistant with IP54 ensuring protection against accidental splashes and dusty Segment Best 6 Generations of OS upgrades and 6 years of Security Samsung Knox Vault for Software and Hardware AI features of Google Circle to Search with,Electronics,Smart Phones,4.0,481,14999.0,Samsung,"Dixon Technologies (India) Ltd., Plot No.6, Sector 90, Noida, Gautam Buddha Nagar, U.P. India â 201305, Samsung",20999,-29%,https://m.media-amazon.com/images/I/81pqozbQNXL._SX342_.jpg,https://m.media-amazon.com/images/I/71tKw8C9fPL._SL1500_.jpg,https://m.media-amazon.com/images/I/810eUIFGVJL._SX679_.jpg,https://m.media-amazon.com/images/I/41ZxY940tVL.jpg,https://m.media-amazon.com/images/I/51VjKo9DxoL.jpg,https://m.media-amazon.com/images/I/71vfPijbfdL._SX385_.jpg,https://m.media-amazon.com/images/I/81pqozbQNXL._SX522_.jpg,https://m.media-amazon.com/images/I/71rmhoyiVxL._SL1500_.jpg,samsung-galaxy-m17e-5g-mobile-6gb-128gb-smoothest-120-hz-refresh-monster-6000-mah-battery-ip54-6-gen-os-upgrades-ai-gemini-live-without-charger, 
2,23/06.,B0GRMVNTDN,https://www.amazon.in/Motorola-Pantone-Silhouette-Snapdragon-TurboPower/dp/B0GRMVNTDN,Motorola Edge 70 Fusion 8GB 128GB 144Hz AMOLED Display Snapdragon 7s Gen 4 50MP Sony LYTIA 710 OIS Camera 7000mAh Battery 68W TurboPower,144 Hz AMOLED Display Super HD panel with up to 5200 nits peak brightness for vibrant,Electronics,Smart Phones,4.0,76,26615.0,Motorola,MOTOROLA,42999,-38%,https://m.media-amazon.com/images/I/51um4bHLicL._SL1500_.jpg,https://m.media-amazon.com/images/I/41zcs9JiagL._SX385_.jpg,https://m.media-amazon.com/images/I/41e0dH85NjL._SY500_.jpg,https://m.media-amazon.com/images/I/41ScDr67t5L._SL1500_.jpg,https://m.media-amazon.com/images/I/41ScDr67t5L._SY550_.jpg,https://m.media-amazon.com/images/I/41WRFV8xYML._SY500_.jpg,https://m.media-amazon.com/images/I/51fxTzx5lVL._SY606_.jpg,https://m.media-amazon.com/images/I/81zlMw0yZyL._SL1500_.jpg,motorola-edge-70-fusion-8gb-128gb-144hz-amoled-display-snapdragon-7s-gen-4-50mp-sony-lytia-710-ois-camera-7000mah-battery-68w-turbopower, 
3,23/06.,B0H1JG89ZB,https://www.amazon.in/iQOO-Lite-Titanium-Blue-Storage/dp/B0H1JG89ZB,iQOO Z10 Lite 5G Blue 4GB 64GB,biggest battery 5G - Powered by a massive 6000mAh battery 15W keeping you ahead of the day with uninterrupted energy for and everything in between Dimensity 6300 5G Processor with AnTuTu Score - A highly power efficient 6nm chip with CPU speeds upgraded to reach GHz delivering a lag-free everyday experience with low power IP64 Rated Military Grade - Fearless against the Forging No need to worry about unexpected splashes in life with IP64 enjoy Protection from accidental drops from pockets or desks with Military grade shock 50MP Sony AI Camera - Snap stunning photos with advanced AI features like AI AI Photo AI document mode many 1000 nits High Brightness Display - Enjoy the ultimate viewing experience with Large 90Hz Refresh Rate 1000 nits High brightness mode,Electronics,Smart Phones,4.2,7612,14999.0,iQOO,"vivo Mobile India Private Limited., vivo Mobile India Pvt Ltd, Plot No 08, Sector 24, Yamuna Expressway Area, Gautam Buddha Nagar, Uttar Pradesh, 201310",27999,-46%,https://m.media-amazon.com/images/I/61GnrYduayL._SX522_.jpg,https://m.media-amazon.com/images/I/41k9GsasBnL.jpg,https://m.media-amazon.com/images/I/41sEhwfi5ML._SL1500_.jpg,https://m.media-amazon.com/images/I/71vYbF44a1L._SX522_.jpg,https://m.media-amazon.com/images/I/71vYbF44a1L._SX569_.jpg,https://m.media-amazon.com/images/I/61bPYriu1jL._SX342_.jpg,https://m.media-amazon.com/images/I/613RKG4NCgL._SX569_.jpg,https://m.media-amazon.com/images/I/61bPYriu1jL._SX569_.jpg,iqoo-z10-lite-5g-blue-4gb-64gb, 
4,23/06.,B0FN7TJYDK,https://www.amazon.in/Samsung-Moonlight-Storage-Upgrades-Lag-free/dp/B0FN7TJYDK,Samsung Galaxy M17 5G Mobile 4GB 128GB 50MP OIS Triple Camera Gorilla Glass IP54 6 Gen OS Upgrades AI Gemini Live Lag-free Gaming Without Charger,Monster Camera - 50MP OIS Main Wide Angle Camera 5MP Ultra Wide Angle Camera 2MP Macro Angle 13MP Selfie Video Maximum Resolution of FHD x at Monster Durability and Design - Slimmest smartphone with stunning Be worry free with best durability with Gorilla Glass Victus and IP54 AI Monster Make your search intelligent with Circle to Search with Google and Gemini Powerful Exynos 1330 Android 15 Operating System having One UI 2GHz Clock Speed with Octa-Core All 5G Monster Display - Captivating your viewing experience with inches Super AMOLED Resolution with 1080 x 2340 Pixels and 90Hz Refresh Lag free Monster Upgrades and Convenience - Segment best 6 years Security and OS Monster battery - Get a massive 5000mAh Battery with C-Type Fast Charging Charging for an uninterrupted mobile Samsung Wallet with Tap and Pay and Knox,Electronics,Smart Phones,4.0,3450,14499.0,Samsung,"Samsung, Samsung India Electronics Pvt. Ltd. having its Registered Office at: 6th Floor, DLF Centre, Sansad Marg, New Delhi â 110001 Email us at: support.india@samsung.com",16499,-12%,https://m.media-amazon.com/images/I/51RtrKHpjGL._SL1500_.jpg,https://m.media-amazon.com/images/I/71iOhPwpVoL._SX679_.jpg,https://m.media-amazon.com/images/I/414UJYRQIYL.jpg,https://m.media-amazon.com/images/I/61JF5CpdglL._SX466_.jpg,https://m.media-amazon.com/images/I/61JF5CpdglL._SL1500_.jpg,https://m.media-amazon.com/images/I/91YJsBz79vL._SL1500_.jpg,https://m.media-amazon.com/images/I/81GE2cFyjqL._SX679_.jpg,https://m.media-amazon.com/images/I/81W3c9hjF4L._SX679_.jpg,samsung-galaxy-m17-5g-mobile-4gb-128gb-50mp-ois-triple-camera-gorilla-glass-ip54-6-gen-os-upgrades-ai-gemini-live-lag-free-gaming-without-charger, 
5,23/06.,B0G822MS12,https://www.amazon.in/Samsung-MediaTek-Dimensity-Charging-Upgrades/dp/B0G822MS12,Samsung Galaxy M06 5G Mobile 4GB 128GB MediaTek Dimensity 6300 AnTuTu 12 5G Bands 25W Fast Charging 4 Gen OS Upgrades 50MP Camera Without Charger,Monster Processor - Segment Leading MediaTek Dimensity AnTuTu score Latest Android 15 Operating System having One UI 2GHz Clock Speed with Octa-Core Upto 6GB of RAM Monster 5G Experience - Complete 5G experience with 12 5G Bands the highest in the All Network Faster Download and Upload Speed on your Monster Camera and Display - Refreshing design with new Linear camera Slimmer with just mm 50MP Main Wide Angle Camera 2MP Depth 8MP Selfie Camera Video Maximum Resolution of FHD x at Monster Security and OS Upgrades - Knox Security with segment leading smartphone with 4 Generations of Android OS Upgrades and 4 Years of Security Updates to keep your phone updated with all latest software Come with Android 14 Operating System having One UI 6 Monster Battery - Get a massive 5000mAh Lithium-ion Battery with Segment leading Fast Charging 25W Get more power in less,Electronics,Smart Phones,4.1,8741,13999.0,Samsung,"Dixon Technologies (India) Ltd., Plot No. 6, Sector-90, Noida, Gautam Buddha Nagar, U.P. India-201305, Samsung",16999,-18%,https://m.media-amazon.com/images/I/71CQt71jZIL._SX342_.jpg,https://m.media-amazon.com/images/I/818Lk32Nb4L._SX385_.jpg,https://m.media-amazon.com/images/I/71sEvNMN85L._SL1500_.jpg,https://m.media-amazon.com/images/I/71-bZAyhQLL._SL1500_.jpg,https://m.media-amazon.com/images/I/71vibvcdAlL._SX569_.jpg,https://m.media-amazon.com/images/I/81DyzxClHgL._SX569_.jpg,https://m.media-amazon.com/images/I/71-bZAyhQLL._SX385_.jpg,https://m.media-amazon.com/images/I/51wBIDwkafL.jpg,samsung-galaxy-m06-5g-mobile-4gb-128gb-mediatek-dimensity-6300-antutu-12-5g-bands-25w-fast-charging-4-gen-os-upgrades-50mp-camera-without-charger, 
6,23/06.,B0GS5SM6JR,https://www.amazon.in/Storage-Segments-Fastest-Processor-Smoothest/dp/B0GS5SM6JR,REDMI A7 Pro 5G 4GB 64GB Fastest Processor Largest Battery Largest Smoothest 120Hz Display,Fastest Processor - Octa-core 5G Processor Largest Smoothest 120Hz Display only Triple TUV certified display Largest 6300mAh Battery 15W Quick Charging Wired Reversed Charging Volume Boost 32MP AI Dual Camera 8MP Selfie Shooter Google Gemini and Circle to Search HyperOS3 with Xiaomi HyperIsland,Electronics,Smart Phones,3.4,832,12999.0,Redmi,"BYD INDIA PRIVATE LIMITED, DEVELOPED PLOT NO.OZ-7,SIPCOT ORAGADAM, SRIPERUMBUDUR (TK) KANCHEEPURAM DISTRICT 602105 TAMIL NADU., Xiaomi Technology India Pvt Ltd",15999,-19%,https://m.media-amazon.com/images/I/71AjkPyeFiL._SL1500_.jpg,https://m.media-amazon.com/images/I/81ab4BMS3SL._SL1500_.jpg,https://m.media-amazon.com/images/I/71lnW6VMrXL._SX679_.jpg,https://m.media-amazon.com/images/I/91oXq-9BvGL._SX679_.jpg,https://m.media-amazon.com/images/I/71t2VV9HyZL._SX466_.jpg,https://m.media-amazon.com/images/I/714W0M4EaLL._SX466_.jpg,https://m.media-amazon.com/images/I/51zcVfDpKbL.jpg,https://m.media-amazon.com/images/I/71WB2Iyd01L._SL1500_.jpg,redmi-a7-pro-5g-4gb-64gb-fastest-processor-largest-battery-largest-smoothest-120hz-display, 
7,23/06.,B0G81GLPKM,https://www.amazon.in/Samsung-MediaTek-Dimensity-Charging-Upgrades/dp/B0G81GLPKM,Samsung Galaxy M06 5G Mobile 4GB 128GB MediaTek Dimensity 6300 AnTuTu 12 5G Bands 25W Fast Charging 4 Gen OS Upgrades 50MP Camera Without Charger,Monster Processor - Segment Leading MediaTek Dimensity AnTuTu score Latest Android 15 Operating System having One UI 2GHz Clock Speed with Octa-Core Upto 6GB of RAM Monster 5G Experience - Complete 5G experience with 12 5G Bands the highest in the All Network Faster Download and Upload Speed on your Monster Camera and Display - Refreshing design with new Linear camera Slimmer with just mm 50MP Main Wide Angle Camera 2MP Depth 8MP Selfie Camera Video Maximum Resolution of FHD x at Monster Security and OS Upgrades - Knox Security with segment leading smartphone with 4 Generations of Android OS Upgrades and 4 Years of Security Updates to keep your phone updated with all latest software Come with Android 14 Operating System having One UI 6 Monster Battery - Get a massive 5000mAh Lithium-ion Battery with Segment leading Fast Charging 25W Get more power in less,Electronics,Smart Phones,4.1,8741,13999.0,Samsung,"Dixon Technologies (India) Ltd., Plot No. 6, Sector-90, Noida, Gautam Buddha Nagar, U.P. India-201305, Samsung",16999,-18%,https://m.media-amazon.com/images/I/713b7l9gQgL._SX385_.jpg,https://m.media-amazon.com/images/I/713b7l9gQgL._SX425_.jpg,https://m.media-amazon.com/images/I/71CQt71jZIL._SX342_.jpg,https://m.media-amazon.com/images/I/818Lk32Nb4L._SX385_.jpg,https://m.media-amazon.com/images/I/81DyzxClHgL._SX569_.jpg,https://m.media-amazon.com/images/I/51wBIDwkafL.jpg,https://m.media-amazon.com/images/I/81IQ5ehOqfL._SX425_.jpg,https://m.media-amazon.com/images/I/71N3Xngx8XL._SX569_.jpg,samsung-galaxy-m06-5g-mobile-4gb-128gb-mediatek-dimensity-6300-antutu-12-5g-bands-25w-fast-charging-4-gen-os-upgrades-50mp-camera-without-charger, 
8,23/06.,B0H3FCSY5T,https://www.amazon.in/Samsung-Galaxy-S25-5G-Snapdragon/dp/B0H3FCSY5T,Samsung Galaxy S25 5G 12GB 128GB Snapdragon 8 Elite for Galaxy Processor 50MP 10MP 12MP Triple Camera 12MP Front Camera Full Display 4000mAh Battery,Snapdragon 8 Elite for Galaxy Flagship-level performance engineered for AI and productivity 12GB RAM 256GB Ultra-fast performance with generous storage for and files 50MP Triple Rear Camera Includes and ultra-wide lenses for versatile photography and videography 12MP Front Capture detailed selfies and enjoy high-quality video calls Full Compact flagship display offering vibrant sharp and immersive viewing 4000mAh Efficient battery optimization for all-day performance with reliable power management Icy Blue Premium Elegant flagship design with a modern premium appearance and sophisticated color option,Electronics,Smart Phones,4.4,199,59999.0,Samsung,Samsung India Electronics Pvt. Ltd.,84999,-29%,https://m.media-amazon.com/images/I/71-p-yRImPL._SX466_.jpg,https://m.media-amazon.com/images/I/61YWiaTN6KL._SY606_.jpg,https://m.media-amazon.com/images/I/71-p-yRImPL._SX522_.jpg,https://m.media-amazon.com/images/I/71jNTtl4jFL._SX425_.jpg,https://m.media-amazon.com/images/I/413ApHRdVLL.jpg,https://m.media-amazon.com/images/I/71vdUFBwemL._SX679_.jpg,https://m.media-amazon.com/images/I/71jNTtl4jFL._SX385_.jpg,https://m.media-amazon.com/images/I/41vvptkNUHL._SL1500_.jpg,samsung-galaxy-s25-5g-12gb-128gb-snapdragon-8-elite-for-galaxy-processor-50mp-10mp-12mp-triple-camera-12mp-front-camera-full-display-4000mah-battery, 
9,23/06.,B0GS5Y7QBF,https://www.amazon.in/Storage-Segments-Fastest-Processor-Smoothest/dp/B0GS5Y7QBF,REDMI A7 Pro 5G 4GB 64GB Fastest Processor Largest Battery Largest Smoothest 120Hz Display,Fastest Processor - Octa-core 5G Processor Largest Smoothest 120Hz Display only Triple TUV certified display Largest 6300mAh Battery 15W Quick Charging Wired Reversed Charging Volume Boost 32MP AI Dual Camera 8MP Selfie Shooter Google Gemini and Circle to Search HyperOS3 with Xiaomi HyperIsland,Electronics,Smart Phones,3.4,832,12999.0,Redmi,"BYD INDIA PRIVATE LIMITED, DEVELOPED PLOT NO.OZ-7,SIPCOT ORAGADAM, SRIPERUMBUDUR (TK) KANCHEEPURAM DISTRICT 602105 TAMIL NADU., Xiaomi Technology India Pvt Ltd",15999,-19%,https://m.media-amazon.com/images/I/41GljVEEkxL.jpg,https://m.media-amazon.com/images/I/81ab4BMS3SL._SL1500_.jpg,https://m.media-amazon.com/images/I/71lnW6VMrXL._SX679_.jpg,https://m.media-amazon.com/images/I/91oXq-9BvGL._SX679_.jpg,https://m.media-amazon.com/images/I/71t2VV9HyZL._SX466_.jpg,https://m.media-amazon.com/images/I/714W0M4EaLL._SX466_.jpg,https://m.media-amazon.com/images/I/71WB2Iyd01L._SL1500_.jpg,https://m.media-amazon.com/images/I/61MH84WCPLL._SL1500_.jpg,redmi-a7-pro-5g-4gb-64gb-fastest-processor-largest-battery-largest-smoothest-120hz-display, 
10,23/06.,B0GN1PZ913,https://www.amazon.in/Samsung-Storage-Smoothest-Refresh-Upgrades/dp/B0GN1PZ913,Samsung Galaxy M17e 5G Mobile 4GB 128GB Smoothest 120 Hz Refresh Monster 6000 mAh Battery IP54 6 Gen OS Upgrades AI Gemini Live Without Charger,Segment Smoothest Smartphone - 120 Hz Refresh Rate for a smooth scrolling Inch display with Adaptive Brightness automatically adjusts screen brightness optimising visibility and saving battery sleek with Key Island Segment Longest 26-Hour Video Playback - Powered by a 6000 mAh Lithium-ion Segment-Leading Fast Charging Support of Its Adaptive Battery Technology automatically puts apps in sleeping or deep sleeping modes based on your ensuring they do not drain your battery life in the Segment Leading MediaTek Dimensity 6300 processor with Latest Android 16 Operating System having One UI 2GHz Clock Speed with Octa-Core Upto 6GB of Memory Expandable upto 2 Galaxy M17e 5G comes with High resolution 50 MP Dual It allows you to take stunning and brighter pictures and With its Secondary you can capture sharper and clearer portrait Its Night Mode and aperture allow more light to enter capturing sharper and brighter output even in low Galaxy M17e 5G is Water and Dust resistant with IP54 ensuring protection against accidental splashes and dusty Segment Best 6 Generations of OS upgrades and 6 years of Security Samsung Knox Vault for Software and Hardware AI features of Google Circle to Search with,Electronics,Smart Phones,3.8,365,12999.0,Samsung,"Dixon Technologies (India) Ltd., Plot No.6, Sector 90, Noida, Gautam Buddha Nagar, U.P. India â 201305, Samsung",18499,-30%,https://m.media-amazon.com/images/I/81pqozbQNXL._SX342_.jpg,https://m.media-amazon.com/images/I/71tKw8C9fPL._SL1500_.jpg,https://m.media-amazon.com/images/I/61a4Ib5yPmL._SX342_.jpg,https://m.media-amazon.com/images/I/810eUIFGVJL._SX679_.jpg,https://m.media-amazon.com/images/I/41ZxY940tVL.jpg,https://m.media-amazon.com/images/I/51VjKo9DxoL.jpg,https://m.media-amazon.com/images/I/71vfPijbfdL._SX385_.jpg,https://m.media-amazon.com/images/I/81pqozbQNXL._SX522_.jpg,samsung-galaxy-m17e-5g-mobile-4gb-128gb-smoothest-120-hz-refresh-monster-6000-mah-battery-ip54-6-gen-os-upgrades-ai-gemini-live-without-charger, 
11,23/06.,B0G4MVYMRP,https://www.amazon.in/Kratos-Multifunctional-Rechargable-Brighness-Bluetooth/dp/B0G4MVYMRP,Kratos Selfie 3 in 1 Multifunctional Rechargable LED Light with Two Brighness Levels for Make Selfie Photo Selfie Stick with Bluetooth Remote with,Selfie stick with tripod stand light features 2 brightness levels in White light mode providing optimal lighting for your photos in any Elevate your selfies with adjustable lighting at your fingertip Enjoy the flexibility of our 3-in-1 Selfie This Bluetooth selfie stick seamlessly transitions from a selfie stick to tripod and a phone stability and flexibility for capturing perfect moments Capture moments in landscape and portrait modes effortlessly with our versatile selfie stand for mobile Seamlessly switch between modes for diverse framing every shot is perfectly composed Elevate your video recording and YouTube live streaming with our mobile stick for Enhanced with LED it enriches video and more in any lighting condition Capture your best moments on the go with this travel-friendly phone holder for video Stay independent and comfortable - no need to wait for assistance 1 YEAR BRAND WARRANTY Provide worry-free 1 Year replacement Service and Life Long Technical You can reach out our Tech Support Team for any Register your purchase in website to avail your Warranty,Electronics,Smart Phones,4.0,2494,399.0,Kratos,"KRATOS, Ezeekart Creation LLP, Phone: 81482 73270 or help@gokratos.com, KRATOS, Ezeekart Creation LLP, Phone: 81482 73270 or help@gokratos.com",1409,-72%,https://m.media-amazon.com/images/I/61dkEHNcjBL._SY450_.jpg,https://m.media-amazon.com/images/I/71kwQ3P3iML._SX679_.jpg,https://m.media-amazon.com/images/I/41l0F1OTwpL._SS40_.jpg,https://m.media-amazon.com/images/I/81ha0oi5tbL._SY355_.jpg,https://m.media-amazon.com/images/I/71821yH9ygL._SX679_.jpg,https://m.media-amazon.com/images/I/41l0F1OTwpL.jpg,https://m.media-amazon.com/images/I/519ymuXHQqL._SS40_.jpg,https://m.media-amazon.com/images/I/71821yH9ygL._SY450_.jpg,kratos-selfie-3-in-1-multifunctional-rechargable-led-light-with-two-brighness-levels-for-make-selfie-photo-selfie-stick-with-bluetooth-remote-with, 
12,24/06.,B0FN7QTRPY,https://www.amazon.in/Samsung-Storage-MediaTek-Charging-Upgrades/dp/B0FN7QTRPY,Samsung Galaxy M07 Mobile 4GB 64GB MediaTek Helio G99 AnTuTu 624K 50MP Camera Slim 5000mAh Battery 25W Fast Charging 6 Gen OS Upgrades Without Charger,Powerful Performance Segment Best smartphone with MediaTek Helio G99 AnTuTu score Android 15 Operating System having One UI 2GHz Clock Speed with Octa-Core Be worry free with IP54 Dust and Water Protection ideal for any weather condition or Stunning Slim and sleek design at mm and Glass Fiber Reinforced Polymer 50 MP High-resolution Dual Camera mobile for sharp and detailed 8 MP Front camera for stunning selfie FHD x Video Captivating viewing experience on bigger Inch Display with resolution 1600 and 90Hz Refresh Get a massive 5000mAh battery with C-Type 25 W Fast Stay updated with Segment best 6 years of AndroidOS Upgrades and 6 years of Security Experience extra strong security with Knox auto Built-in theft,Electronics,Smart Phones,4.2,1747,9999.0,Samsung,"Samsung, Samsung",10999,-9%,https://m.media-amazon.com/images/I/61XDbI3AjqL._SX466_.jpg,https://m.media-amazon.com/images/I/710USlh3fCL._SX385_.jpg,https://m.media-amazon.com/images/I/71dGXShADCL._SX466_.jpg,https://m.media-amazon.com/images/I/610lbucItmL._SX385_.jpg,https://m.media-amazon.com/images/I/610lbucItmL._SX466_.jpg,https://m.media-amazon.com/images/I/610lbucItmL._SX522_.jpg,https://m.media-amazon.com/images/I/61j4NiQflCL._SX466_.jpg,https://m.media-amazon.com/images/I/61XDbI3AjqL._SX425_.jpg,samsung-galaxy-m07-mobile-4gb-64gb-mediatek-helio-g99-antutu-624k-50mp-camera-slim-5000mah-battery-25w-fast-charging-6-gen-os-upgrades-without-charger, 
13,24/06.,B0GD6L5F1N,https://www.amazon.in/Portronics-Handlebar-Protection-Smartphones-Navigation/dp/B0GD6L5F1N,Portronics Mobike 4 Plus Handlebar Mount Mobile Holder with Sunshade Light Rain One-Press 4-Point Grip Fits Inch for Maps Navigation,Built-In Sunshade for Clear Visibility The integrated sunshade reduces screen glare and helps protect your phone during bright sunlight and light making navigation easier in all riding Quick Tool-Free Installation Designed for fast and easy mounting on bike handlebars without any Installs securely in seconds for a hassle-free riding One-Press Release Mechanism Mount or remove your smartphone instantly with a single Perfect for riders who need quick access to their phone without Rotatable Design Easily switch between portrait and landscape modes for or music ensuring optimal viewing angles while 4-Point Grip Lock with Anti-Slip Pads Strong corner grips with built-in anti-slip inner pads securely hold your phone in keeping it stable on bumpy sharp and slippery Wide Smartphone Compatibility Compatible with most smartphones ranging from inches to ensuring a secure fit for a wide range of Built for Daily Rides and Long Trips A sturdy and reliable bike phone holder designed for everyday highway and long-distance,Electronics,Smart Phones,4.1,3540,419.0,Portronics,POR-3329,899,-53%,https://m.media-amazon.com/images/I/51HuGSO7OPL._SL1500_.jpg,https://m.media-amazon.com/images/I/71GT0ZZbF0L._SX522_.jpg,https://m.media-amazon.com/images/I/71P2ngyQy4L._SX569_.jpg,https://m.media-amazon.com/images/I/71P2ngyQy4L._SL1500_.jpg,https://m.media-amazon.com/images/I/71pDmhjl8ML._SX522_.jpg,https://m.media-amazon.com/images/I/71pDmhjl8ML._SL1500_.jpg,https://m.media-amazon.com/images/I/718lPAOzucL._SX425_.jpg,https://m.media-amazon.com/images/I/71GT0ZZbF0L._SL1500_.jpg,portronics-mobike-4-plus-handlebar-mount-mobile-holder-with-sunshade-light-rain-one-press-4-point-grip-fits-inch-for-maps-navigation, 
14,24/06.,B0FN7RN9TH,https://www.amazon.in/Samsung-Sapphire-Storage-Upgrades-Lag-Free/dp/B0FN7RN9TH,Samsung Galaxy M17 5G Mobile 4GB 128GB 50MP OIS Triple Camera Gorilla Glass Victus IP54 6 Gen OS Upgrades AI Gemini Live Lag-Free Gaming Without Charger,Monster Camera - 50MP OIS Main Wide Angle Camera 5MP Ultra Wide Angle Camera 2MP Macro Angle 13MP Selfie Video Maximum Resolution of FHD x at Monster Durability and Design - Slimmest smartphone with stunning Be worry free with best durability with Gorilla Glass Victus and IP54 AI Monster Make your search intelligent with Circle to Search with Google and Gemini Powerful Exynos 1330 Android 15 Operating System having One UI 2GHz Clock Speed with Octa-Core All 5G Monster Display - Captivating your viewing experience with inches Super AMOLED Resolution with 1080 x 2340 Pixels and 90Hz Refresh Lag free Monster Upgrades and Convenience - Segment best 6 years Security and OS Monster battery - Get a massive 5000mAh Battery with C-Type Fast Charging Charging for an uninterrupted mobile Samsung Wallet with Tap and Pay and Knox,Electronics,Smart Phones,4.0,3450,14499.0,Samsung,"Samsung, Samsung India Electronics Pvt. Ltd. having its Registered Office at: 6th Floor, DLF Centre, Sansad Marg, New Delhi â 110001 Email us at: support.india@samsung.com",16499,-12%,https://m.media-amazon.com/images/I/71uHWjTMQmL._SX385_.jpg,https://m.media-amazon.com/images/I/714QJQZszoL._SX466_.jpg,https://m.media-amazon.com/images/I/51RtrKHpjGL._SL1500_.jpg,https://m.media-amazon.com/images/I/61JF5CpdglL._SX466_.jpg,https://m.media-amazon.com/images/I/414UJYRQIYL.jpg,https://m.media-amazon.com/images/I/61JF5CpdglL._SL1500_.jpg,https://m.media-amazon.com/images/I/91YJsBz79vL._SL1500_.jpg,https://m.media-amazon.com/images/I/81GE2cFyjqL._SX679_.jpg,samsung-galaxy-m17-5g-mobile-4gb-128gb-50mp-ois-triple-camera-gorilla-glass-victus-ip54-6-gen-os-upgrades-ai-gemini-live-lag-free-gaming-without-charger, 
15,24/06.,B0H1JGWF81,https://www.amazon.in/iQOO-Lite-Cyber-Green-Storage/dp/B0H1JGWF81,iQOO Z10 Lite 5G Green 4GB 64GB,biggest battery 5G - Powered by a massive 6000mAh battery 15W keeping you ahead of the day with uninterrupted energy for and everything in between Dimensity 6300 5G Processor with AnTuTu Score - A highly power efficient 6nm chip with CPU speeds upgraded to reach GHz delivering a lag-free everyday experience with low power IP64 Rated Military Grade - Fearless against the Forging No need to worry about unexpected splashes in life with IP64 enjoy Protection from accidental drops from pockets or desks with Military grade shock 50MP Sony AI Camera - Snap stunning photos with advanced AI features like AI AI Photo AI document mode many 1000 nits High Brightness Display - Enjoy the ultimate viewing experience with Large 90Hz Refresh Rate 1000 nits High brightness mode,Electronics,Smart Phones,4.2,7612,14999.0,iQOO,"vivo Mobile India Private Limited., vivo Mobile India Pvt Ltd, Plot No 08, Sector 24, Yamuna Expressway Area, Gautam Buddha Nagar, Uttar Pradesh, 201310",27999,-46%,https://m.media-amazon.com/images/I/61GnrYduayL._SX522_.jpg,https://m.media-amazon.com/images/I/41k9GsasBnL.jpg,https://m.media-amazon.com/images/I/41sEhwfi5ML._SL1500_.jpg,https://m.media-amazon.com/images/I/61ImCLk1sqL._SX466_.jpg,https://m.media-amazon.com/images/I/71vYbF44a1L._SX522_.jpg,https://m.media-amazon.com/images/I/71vYbF44a1L._SX569_.jpg,https://m.media-amazon.com/images/I/61zZATvUU2L._SX342_.jpg,https://m.media-amazon.com/images/I/41sEhwfi5ML.jpg,iqoo-z10-lite-5g-green-4gb-64gb, 
